{
  "semantic_chunking": {
    "precision@k": 0.08746993746993748,
    "recall@k": 0.696969696969697,
    "f1@k": 0.15510297783025057,
    "mrr": 0.2746753246753247,
    "hit_rate@k": 0.696969696969697,
    "avg_latency_ms": 19.56103787277684
  },
  "paragraph_chunking": {
    "precision@k": 0.10687830687830685,
    "recall@k": 0.7575757575757576,
    "f1@k": 0.18684463684463687,
    "mrr": 0.2895382395382396,
    "hit_rate@k": 0.7575757575757576,
    "avg_latency_ms": 21.59844022808653
  }
}