{
  "semantic_chunking": {
    "precision@k": 0.109992784992785,
    "recall@k": 0.8181818181818182,
    "f1@k": 0.19312606585333858,
    "mrr": 0.2806156806156806,
    "hit_rate@k": 0.8181818181818182,
    "avg_latency_ms": 21.156621701789625
  },
  "paragraph_chunking": {
    "precision@k": 0.13074795574795575,
    "recall@k": 0.8484848484848485,
    "f1@k": 0.22513227513227513,
    "mrr": 0.2904761904761905,
    "hit_rate@k": 0.8484848484848485,
    "avg_latency_ms": 20.95454389398748
  }
}